{"cameraMode":{"drawMode":0,"name":"Shaded","section":"Shading Mode"},"sceneLighting":true,"audioPlay":false,"sceneViewState":{"m_AlwaysRefresh":false,"showFog":true,"showSkybox":true,"showFlares":true,"showImageEffects":true,"showParticleSystems":true,"showVisualEffectGraphs":true,"m_FxEnabled":true},"in2DMode":false,"pivot":{"x":0.7485228776931763,"y":0.7936385869979858,"z":-0.6137674450874329},"rotation":{"x":0.0221224594861269,"y":-0.9728577136993408,"z":0.20142227411270142,"w":0.11341914534568787},"size":0.36787229776382449,"orthographic":false}