{"cameraMode":{"drawMode":0,"name":"Shaded","section":"Shading Mode"},"sceneLighting":true,"audioPlay":false,"sceneViewState":{"m_AlwaysRefresh":false,"showFog":true,"showSkybox":true,"showFlares":true,"showImageEffects":true,"showParticleSystems":true,"showVisualEffectGraphs":true,"m_FxEnabled":true},"in2DMode":false,"pivot":{"x":-0.288527250289917,"y":0.979443371295929,"z":0.9174098968505859},"rotation":{"x":0.23938216269016267,"y":-0.11907029896974564,"z":0.02959119901061058,"w":0.9631586074829102},"size":1.524745225906372,"orthographic":false}