{"cameraMode":{"drawMode":0,"name":"Shaded","section":"Shading Mode"},"sceneLighting":true,"audioPlay":false,"sceneViewState":{"m_AlwaysRefresh":false,"showFog":true,"showSkybox":true,"showFlares":true,"showImageEffects":true,"showParticleSystems":true,"showVisualEffectGraphs":true,"m_FxEnabled":true},"in2DMode":false,"pivot":{"x":-2.9794223308563234,"y":-0.05521559715270996,"z":-0.06475520133972168},"rotation":{"x":0.2942694127559662,"y":-0.2672445774078369,"z":0.08759457617998123,"w":0.9136269092559815},"size":5.036593437194824,"orthographic":false}