{"cameraMode":{"drawMode":0,"name":"Shaded","section":"Shading Mode"},"sceneLighting":true,"audioPlay":false,"sceneViewState":{"m_AlwaysRefresh":false,"showFog":true,"showSkybox":true,"showFlares":true,"showImageEffects":true,"showParticleSystems":true,"showVisualEffectGraphs":true,"m_FxEnabled":true},"in2DMode":false,"pivot":{"x":0.4742577075958252,"y":-0.5546878576278687,"z":2.049971103668213},"rotation":{"x":0.3098430633544922,"y":-0.08787744492292404,"z":0.03013565018773079,"w":0.9464327096939087},"size":3.1874701976776125,"orthographic":false}